{"cameraMode":{"drawMode":0,"name":"Shaded","section":"Shading Mode"},"sceneLighting":true,"audioPlay":false,"sceneViewState":{"showFog":false,"showMaterialUpdate":false,"showSkybox":false,"showFlares":false,"showImageEffects":false,"showParticleSystems":false},"in2DMode":false,"pivot":{"x":145.32479858398438,"y":0.15090465545654298,"z":9.043289184570313},"rotation":{"x":0.03747263178229332,"y":-0.031472645699977878,"z":0.0011807725531980396,"w":0.9988012909889221},"size":412.010498046875,"orthographic":false}